Titulo;Autor;Editora; Valor 
50 Tons da Vida;Roberto Livianu;Atelie; 39,90 
A Um - Poemas;Robert Creeley;Atelie; 41,00 
A Voz e o Tempo - 3a ed.;Roberto Gambini;Atelie; 72,00 
A.S.A. - Associação dos Solitários Anônimos;Rosario Fusco;Atelie; 58,00 
Acústica Musical em Palavras e Sons, A;Flo Menezes;Atelie; 81,00 
Adeus Penderama e Outros Escritos;José Paulo Cavalcanti Filho;Atelie; 42,00 
Adoniran Barbosa - O Poeta da Cidade;Francisco Rocha;Atelie; 53,00 
Adorável Criatura Frankenstein;Ademir Assunção;Atelie; 42,00 
Afeto Autoritário, O - Televisão, Ética e Democracia;Renato Janine Ribeiro;Atelie; 42,00 
Afinador de Passarinhos, O;Gil Perini;Atelie; 38,00 
Aldo Manuzio. Editor. Tipógrafo. Livreiro (2a ed.);Enric Satué;Atelie; 75,00 
Alguma Crítica;João Alexandre Barbosa;Atelie; 55,00 
Almanaque Tipográfico Brasileiro;Carlos M. Horcades;Atelie; 67,00 
Alongamento;Sérgio Medeiros;Atelie; 51,00 
Altar & o Trono, O - Dinâmica do Poder em O Alienista;Ivan Teixeira;Atelie; 106,00 
Amaro Macedo - O Solitário do Cerrado;Gil Felippe, Maria do Carmo Duarte Macedo;Atelie; 39,00 
Amor, Luta e Luto - No Tempo da Ditadura;Maria do Socorro Diógenes;Atelie; 40,00 
Ancora Medicinal para Conservar a Vida com Saúde;Francisco da Fonseca Henriquez;Atelie; 92,00 
Andaimes;Milton Torres;Atelie; 58,00 
Anfiteatro, O - Textos sobre Medicina;Pedro Nava;Atelie; 40,00 
Angu de Sangue - 3a. ed.;Marcelino Freire;Atelie; 52,00 
Anima Mundi;Ricardo Pires de Souza;Atelie; 79,00 
Animal de Silêncios;Jaime Labastida;Atelie; 39,00 
Anos de Exílio do Jovem Mallarmé, Os;Joaquim Brasil Fontes;Atelie; 42,00 
Antologia Poética;Jorge Wanderley;Atelie; 58,00 
Antologia Poética - 1987-2017;Marcelo Sandmann;Atelie; 39,90 
Ao Vires Isto - Gertrude Stein;João Queiroz, Daniella Aguiar, Luci Collin;Atelie; 44,90 
Apoteose de Schoenberg;Flo Menezes;Atelie; 83,00 
Arabia Brasilica;Alberto Sismondini;Atelie; 45,00 
Arca de Noésio, A;Gustavo Martins;Atelie; 19,00 
Arquétipos Literários, Os - 3a ed.;Eleazar M. Meletínski;Atelie; 45,00 
Arte da Automutilação, A;Felipe Lion;Atelie; 47,00 
Arte de Argumentar, A (14a. ed.);Antônio Suárez Abreu;Atelie; 49,00 
Arte de Argumentar, A - Gerenciando Razão e Emoção;Antônio Suárez Abreu;Atelie; 49,00 
Arte do Zajal, A - Estudo de Poética Árabe;Michel Sleiman;Atelie; 54,00 
Arte Invisível ou a Arte do Livro, A;Plinio Martins Filho;Atelie; 42,00 
Arte, Dor - Inquietudes entre Estética e Psicanálise;João A. Frayze-Pereira;Atelie; 98,00 
Artigas e Cascaldi - Arquitetura em Londrina;Juliana Suzuki;Atelie; 71,00 
Até a Margem do Grande Rio;Edu Campos;Atelie; 42,00 
Atando as Pontas da Vida;Ariovaldo José Vidal;Atelie; 51,00 
Ateneu, O;Emília Amaral, Raul Pompeia;Atelie; 46,00 
Auto da Barca do Inferno;Gil Vicente, Ivan Teixeira;Atelie; 31,00 
Bailadora Andaluza, A - A Explosão do Sagrado na Poesia de João Cabral;Waldecy Tenório;Atelie; 43,00 
BaléRalé;Marcelino Freire;Atelie; 48,00 
Baldio - poemas (2009-2017);Rodrigo Madeira;Atelie; 44,90 
Balão Cativo;Pedro Nava;Atelie; 72,00 
Banda das Velhas Virgens, A - 18 Anos de Bar em Bar;Alexandre Cavalo, Ricardo dos Santos Gozzi;Atelie; 39,80 
Batalha dos Livros, A;Lincoln Secco;Atelie; 46,00 
Beauty & Fashion;Mário Cafiero;Atelie; 76,00 
Beira-Mar;Pedro Nava;Atelie; 78,00 
Bibliomania;Lincoln Secco, Marisa Midori Deaecto;Atelie; 59,00 
Biblioteca Imaginária, A;João Alexandre Barbosa;Atelie; 44,00 
Bicho Urucutum, O;Pedro Nava;Atelie; 43,00 
Bilhete Seco;Elisa Nazarian;Atelie; 48,00 
Bom Crioulo;Salete de Almeida Cara, Kaio Romero, Adolfo Caminha;Atelie; 40,00 
Bovarismo e Romance - Madame Bovary e Lady Oracle;Andrea Saad Hossne;Atelie; 53,00 
Branco sobre Branco;Guilherme Zarvos;Atelie; 55,00 
Brasil: Paisagens de Exceção - O Litoral e o Pantanal Mato-grossense: Patrimônios Básicos;Aziz Ab Sáber;Atelie; 55,00 
C@rtas Ácidas da Campanha de Lula de 1998, As;Bernardo Kucinski;Atelie; 38,00 
Cadenciando-um-Ning - Um Samba, para o Outro;Michael Palmer, Régis Bonvicino;Atelie; 35,00 
Caderno de Literatura e Cultura Russa - Dostoiévski;Depto. Letras Orientais USP;Atelie; 97,00 
Cadernos 1 e 2;Pedro Nava;Atelie; 30,00 
Caligramas (2a ed.);Álvaro Faleiros, Guillaume Apollinaire;Atelie; 68,00 
Cama de Campanha;Flávio Carvalho Ferraz;Atelie; 42,00 
Caminho do Encontro, A - Uma Leitura de Contos Novos;Ivone Daré Rabello;Atelie; 53,00 
Caminhos do Romance em Portugal - Camilo, Eça e o Folhetim Francês;Andréa Trench de Castro;Atelie; 52,00 
Cantigas do Falso Alfonso el Sabio;Affonso Ávila;Atelie; 45,00 
Capa do Livro Brasileiro, A - 1820-1950;Ubiratan Machado;Atelie; 320,00 
Capas de Santa Rosa;Luís Bueno;Atelie; 132,00 
Capítulos da História da Medicina no Brasil;Pedro Nava;Atelie; 68,00 
Carne, A;Júlio Ribeiro;Atelie; 47,00 
Cartas a Miranda;Quatremère de Quincy;Atelie; 35,00 
Cartas a William Agel de Mello;João Guimarães Rosa, William Agel de Mello;Atelie; 39,60 
Cartas aos Amigos Caio Porfírio Carneiro e Fábio Lucas;João Antônio;Atelie; 32,00 
Cartas de Fidelino de Figueiredo e de Segismundo Spina;Nuno Fidelino de Figueiredo;Atelie; 33,00 
Cartilha - Martelo-Gabinete e Ferrografia;Virgílio Maia;Atelie; 33,00 
Casa de Pensão;Marcelo Bulhões, Aluísio de Azevedo;Atelie; 48,80 
Casa dos Seis Tostões, A;Paul Collins;Atelie; 67,00 
Casas Importadoras de Santos e seus Agentes;Carina Marcondes Ferreira Pedro;Atelie; 42,00 
Catecismo da Preservação de Monumentos;Max Dvorák;Atelie; 41,00 
Céus Derretidos;Teixeira Coelho, Jean-Claude Bernardet;Atelie; 41,00 
Cem Menores Contos Brasileiros do Século, Os;Marcelino Freire;Atelie; 35,00 
Cem Menores Contos Brasileiros do Século, Os (5a. ed.);Marcelino Freire;Atelie; 48,00 
Cena Absurdo;Pedro Marques;Atelie; 67,00 
Cena Macaca;Zé Pedro;Atelie; 65,00 
Cena Muda, A;Miguel Angel Fernandez;Atelie; 46,00 
Cenas da Infância - Kartolas, Kalungas e Katiras;Jonas Rosa;Atelie; 39,00 
Cenas em Jogo;Renato Tardivo;Atelie; 33,00 
Cera das Almas;Pedro Nava;Atelie; 39,00 
Choro de Homem;Marcos Rodrigues;Atelie; 39,00 
Ciclo das Chamas;Antônio Lázaro de Almeida Prado;Atelie; 39,00 
Cidade de Atys;Marcelo Novaes;Atelie; 29,00 
Cidade e as Serras, A;Paulo Franchetti, Leila Guenther, Eça de Queirós;Atelie; 46,00 
Cidadela Ardente;Thelma Guedes;Atelie; 40,00 
Cinematografia;Paulo Lopes Lourenço;Atelie; 44,90 
Clarice Lispector - Uma Poética do Olhar;Regina Pontieri;Atelie; 49,00 
Clepsidra;Paulo Franchetti, Camilo Pessanha;Atelie; 38,00 
Clichês Brasileiros;Gustavo Piqueira;Atelie; 69,00 
Clusters;Pedro Marques;Atelie; 33,00 
Cocanha - Várias Faces de uma Utopia;Hilário Franco Jr.;Atelie; 55,00 
Coisas do Diabo Contra;Eromar Bomfim;Atelie; 44,00 
Comédia e Seus Duplos, A: O Anfitrião de Plauto;Rodrigo Tadeu Gonçalves;Atelie; 69,90 
Comentário Literal sobre os Três Primeiros Capítulos do Gênesis;Giovanni Jacopo Casanova;Atelie; 32,00 
Comunicados Lacônicos;Antonio Lizárraga;Atelie; 42,00 
Condillac Lúcido e Translúcido;Leon Kossovitch;Atelie; 56,00 
Contos da Nova Cartilha - Primeiro Livro de Leitura;Liev Tolstói;Atelie; 53,00 
Contos do Divã;Sylvia Loeb;Atelie; 42,00 
Contracomunicação;Décio Pignatari;Atelie; 44,00 
Conversações Noturnas & Outros Poemas, As;José Laurenio de Melo;Atelie; 40,00 
Coração, Cabeça e Estômago;Camilo Castelo Branco;Atelie; 45,50 
Coreografia do Desejo, A - Cem Anos de Ficção Brasileira;Maria Angélica G. Lopes;Atelie; 45,00 
Cores de Rosa;Adélia Bezerra de Meneses;Atelie; 60,00 
Corredores para Abutres;Regina Silveira;Atelie; 31,00 
Corrupção (18 Contos);Rodrigo Penteado;Atelie; 44,00 
Cortiço, O;Paulo Franchetti, Leila Guenther, Aluísio de Azevedo;Atelie; 47,80 
Coruja, O;Aluísio de Azevedo, José de Paula Ramos Jr., Maria Schtine Viana, Kaio Romero;Atelie; 58,00 
Cozinheiro Nacional: Melhores Receitas Brasileiras e Europeias;Anônimo;Atelie; 98,00 
Crítica e Criação - Um Estudo da Kreisleriana Op. 16 de Robert Schumann;Mónica Vermes;Atelie; 53,00 
Crítica Literária Brasileira em Perspectiva, A;Rogério Cordeiro, Andréa Sirihal Werkema, Claudia Campos Soares, Sérgio Alcides Pereira do Amaral;Atelie; 58,00 
Criação e Conflito;Celeste Ribeiro de Sousa;Atelie; 48,00 
Crônicas da Vida Boêmia;Aluízio Falcão;Atelie; 48,00 
Crônicas Efêmeras;João do Rio;Atelie; 45,00 
Crise em Crise - Notas sobre Poesia e Crítica;Paulo Franchetti;Atelie; 65,00 
Cultura Literária Medieval, A;Segismundo Spina;Atelie; 35,00 
Da Argila à Nuvem;Yann Sordet;Atelie; 44,00 
Dança de Shiva, A;Ricardo Pires de Souza;Atelie; 27,00 
Dante - O Poeta do Absoluto;Dante Alighieri, Hilário Franco Jr.;Atelie; 28,00 
De Olho na Morte e Antes;Fernando Fortes;Atelie; 88,00 
De Orfeu e de Perséfone - Morte e Literatura;Lélia Parreira Duarte;Atelie; 55,00 
De Voos e Ilhas - Literatura e Comunitarismos;Benjamin Abdala Jr.;Atelie; 56,00 
Debaixo do Sol;Eunice Arruda;Atelie; 40,00 
Descoberta do Frio, A;Oswaldo de Camargo;Atelie; 38,00 
Desenho Mágico - Poesia e Política em Chico Buarque;Adélia Bezerra de Meneses;Atelie; 65,00 
Design como Ele É, O;Chico Homem de Melo, Eliana Tróia;Atelie; 28,00 
Design da Escrita, O - Redigindo com Criatividade e Beleza, Inclusive Ficção;Antônio Suárez Abreu;Atelie; 45,00 
Deste Lugar;Paulo Franchetti;Atelie; 39,00 
Deuses Chutam Lata na Consolação, Os;Gilson Rampazzo;Atelie; 38,00 
Dez Mitos sobre os Judeus - 2a. ed.;Maria Luiza Tucci Carneiro;Atelie; 50,00 
Diana Caçadora & Tango Fantasma;Márcia Denser;Atelie; 45,00 
Dias Melhores... Pra Sempre!;Cyro Leão, Luiz Chinan, Jadyr Pavão Jr.;Atelie; 33,00 
Diálogos Literários - Literatura, Comparativismo e Ensino;Agnaldo Rodrigues da Silva;Atelie; 54,00 
Diálogos sobre a Tecnologia do Cinema Brasileiro;Paulo B. C. Schettino;Atelie; 61,00 
"Diderot - O Espírito das ""Luzes""";Jacó Guinsburg;Atelie; 28,00 
Dissipatio H.G. - O Fim do Gênero Humano;Guido Morselli;Atelie; 45,00 
Distopia;Hélio Franchini Neto;Atelie; 38,00 
Divina Comédia;Henrique Xavier, João Adolfo Hansen, Sandro Botticelli, Dante Alighieri, João Trentino Ziller;Atelie; 520,00 
Do Formalismo Estético Trovadoresco;Segismundo Spina;Atelie; 49,50 
Dom Casmurro;Leila Guenther, Paulo Franchetti, Machado de Assis;Atelie; 48,00 
Domínios de Natureza no Brasil, Os - 8a ed.;Aziz Ab Sáber;Atelie; 56,00 
Domínios de Natureza no Brasil, Os - Potencialidades Paisagísticas;Aziz Ab Sáber;Atelie; 52,00 
Drummond - Da Rosa do Povo à Rosa das Trevas;Vagner Camilo;Atelie; 75,00 
Duplo Canto e Outros Poemas;François Cheng;Atelie; 92,00 
E Fizerom Taes Maravilhas... - Histórias de Cavaleiros e Cavalarias;Lênia Márcia Mongelli;Atelie; 85,00 
Eça de Queiroz. Uma Biografia;A. Campos Matos;Atelie; 128,00 
Economia da Cultura, A;Françoise Benhamou;Atelie; 45,00 
Edgar Allan Poe - Um Homem em sua Sombra;Ricardo Araújo;Atelie; 43,00 
Edição e Revolução: Leituras Comunistas no Brasil e na França;Marisa Midori Deaecto, Jean-Yves Mollier;Atelie; 78,00 
Edifícios Comerciais - Felipe Bezerra;Fernando Serapião;Atelie; 25,00 
Edifícios Escolares - Miguel Juliano;Cristiane Corrêa;Atelie; 23,00 
Educação & Psicologia - Cinquenta Anos de Profissão;Geraldina Porto Witter;Atelie; 64,00 
Educação Sentimental em Proust;Philippe Willemart;Atelie; 48,00 
Educar para o Imponderável;Luis Carlos de Menezes;Atelie; 60,00 
Edusp: Um Projeto Editorial;Marcello Rollemberg, Plinio Martins Filho;Atelie; 99,80 
Égloga da Maçã;Affonso Ávila;Atelie; 48,00 
Eis o Mundo de Fora;Adrienne Myrtes;Atelie; 39,00 
Electra de Eurípides;Trupersa - Trupe de Tradução de Teatro Antigo, Eurípides;Atelie; 45,00 
Electra(s);Trajano Vieira;Atelie; 39,60 
Elementos de Semiótica Tensiva;Ivã Carlos Lopes, Luiz Tatit, Claude Zilberberg;Atelie; 52,00 
Elos de Melodia e Letra - Análise Semiótica de Seis Canções;Luiz Tatit, Ivã Carlos Lopes;Atelie; 48,00 
Em Louvor de Anti-Heróis;Victor Brombert;Atelie; 56,00 
Em Nome do Corpo;Iacopo Pontormo;Atelie; 57,00 
Encanto de Narciso, O - Reflexões sobre a Fotografia;Boris Kossoy;Atelie; 68,00 
Encontros e Des-encontros;Maria Teresa Hellmeister Fornaciari;Atelie; 27,00 
Encrenca;Manoel Carlos Karam;Atelie; 34,00 
Ensaiando a Canção - Paulinho da Viola e Outros Escritos;Eliete Eça Negreiros;Atelie; 40,00 
Ensino de Ciências e Matemática - Formação e Atuação de Professores;Geraldina Porto Witter, Moacir Wuo;Atelie; 36,00 
Entreato Amoroso;Aercio Consolin;Atelie; 49,50 
Entreatos;Marcelo Castel Cid, Gustavo Piqueira;Atelie; 32,00 
Entrelivros;João Alexandre Barbosa;Atelie; 42,00 
Entretanto n° 1 - Revista de Literatura;Marcelino Freire, Delmo Montenegro, Fabiano Calixto, Micheliny Verunschk, Raimundo Carrero;Atelie; 25,00 
Entrevistas de Domingo;O Diário de Mogi;Atelie; 150,00 
Epigramas 2. ed.;Marco Valério Marcial, Rodrigo Garcia Lopes, Gustavo Piqueira;Atelie; 45,00 
Era no Tempo do Rei - Atualidade das Memórias de um Sargento de Milícias;Edu Teruki Otsuka;Atelie; 53,00 
EraOdito;Marcelino Freire;Atelie; 48,00 
Esaú e Jacó;Machado de Assis, Paulo Franchetti, José de Paula Ramos Jr.;Atelie; 48,80 
Escrita de Deus, A;Wilson Roberto Theodoro Filho;Atelie; 40,00 
Escritores, Gatos e Teologia;Waldecy Tenório;Atelie; 45,00 
Esplendor do Barroco Luso-brasileiro;Benedito Lima de Toledo;Atelie; 109,00 
Espuma do Fogo, A;Carlos Nejar;Atelie; 30,00 
Estados da Crítica;Alcides Cardoso dos Santos;Atelie; 44,00 
Estimar Canções;Luiz Tatit;Atelie; 38,00 
Estrelas Errantes - Memória do Teatro Ídiche no Brasil;Nachman Falbel;Atelie; 140,00 
Estudos Comparados - Teoria, Crítica e Metodologia;Benjamin Abdala Jr.;Atelie; 68,00 
Estudos de Literatura Brasileira e Portuguesa;Paulo Franchetti;Atelie; 63,00 
Euclides da Cunha: Uma Odisseia nos Trópicos;Frederic Amory;Atelie; 98,00 
Eugênio Montale - Criatividade Poética e Psicanálise;Marisa Pelella Mélega;Atelie; 37,00 
Eugênio Onêguin - Volume 1;Aleksandr Púchkin, Elena Vássina, Alípio Correia de Franca Neto;Atelie; 78,00 
Exílio - As Histórias da Grande Peste;Samuel Reibscheid;Atelie; 43,00 
Extravio Marinho;Simone Homem de Mello;Atelie; 47,00 
Farsa de Inês Pereira;Carlos Cortez Minchillo, Izeti Fragata Torralvo, Gil Vicente;Atelie; 32,00 
Fascinação;Flavio de Souza, Luci Collin;Atelie; 49,90 
Fábulas para o Ano 2000;Gustavo Martins, Rodrigo Lacerda;Atelie; 32,00 
Feito Eu;Elisa Nazarian;Atelie; 35,00 
Ficção da Escrita, A;Cláudia Amigo Pino;Atelie; 48,00 
Figurações do Oitocentos;Paulo Motta Oliveira;Atelie; 56,00 
Filho do Crucificado, O;Nelson de Oliveira;Atelie; 42,00 
Filosofando com o Miró;Eduardo Etzel;Atelie; 45,00 
Fluxo Silencioso das Máquinas, O;Bruno Zeni;Atelie; 38,00 
Fogos de Artifício: Flaubert e a Escritura;Verónica Galíndez-Jorge;Atelie; 42,00 
Fúria Azul - Antielegias;Carlos Nejar;Atelie; 48,00 
Forma do Livro, A - Ensaios sobre Tipografia e Estética do Livro;Jan Tschichold;Atelie; 93,00 
Fotografia & História;Boris Kossoy;Atelie; 52,00 
Fragmentos do Sol Chuvoso;Lauro Henriques Jr.;Atelie; 43,00 
Franklin Távora e o seu Tempo;Cláudio Aguiar;Atelie; 40,00 
Frei Galvão - Arquiteto;Benedito Lima de Toledo;Atelie; 40,00 
Freud - A Conquista do Proibido;Renato Mezan;Atelie; 30,00 
Fronteiras Culturais - Brasil, Uruguai, Argentina;Maria Helena Martins;Atelie; 48,00 
Gênero do Cuidado, O;Nadya Araujo Guimarães, Helena Sumiko Hirata;Atelie; 62,00 
Gérard de Nerval: A Escrita em Trânsito;Marta Kawano;Atelie; 45,00 
Geórgicas;Virgílio, Paulo Sergio de Vasconcellos, Odorico Mendes;Atelie; 98,00 
Gentíssima;Maria Ignez Corrêa da Costa Barbosa;Atelie; 52,00 
Geometrias de Cosmos;Rodrigo Suzuki Cintra;Atelie; 49,50 
Gil Vicente - O Velho da Horta, Auto da Barca do Inferno, Farsa de Inês Pereira (40a ed.);Segismundo Spina;Atelie; 40,00 
Girassol Voltado para a Terra;Renato Tardivo;Atelie; 44,00 
Goethe e Hackert - Sobre a Pintura de Paisagem;Claudia Valladão de Mattos;Atelie; 35,00 
Graciliano na Terra de Camões;Thiago Mio Salla, Gustavo Piqueira;Atelie; 80,00 
Grito de Jorge Andrade, O - A Experiência de um Autor na Telenovela Brasileira dos Anos 1970;Sabina Reggiani Anzuategui;Atelie; 42,00 
Guarani, O;Eduardo Vieira Martins, José de Alencar, Luciana Rocha;Atelie; 54,00 
Guimarães Rosa - Fronteiras, Margens, Passagens;Marli Fantini Scarpelli;Atelie; 65,00 
Gustavo Giovannoni - Textos Escolhidos;Beatriz Mugayar Kühl;Atelie; 45,00 
Hannah Arendt & Karl Marx - O Mundo do Trabalho;Eugenia Sales Wagner;Atelie; 49,00 
Hannah Arendt - Ética e Política;Eugenia Sales Wagner;Atelie; 65,00 
Herdando uma Biblioteca;Miguel Sanches Neto;Atelie; 42,00 
Hidra Vocal - Estudos sobre Retórica e Poética;Lavínia Silvares, Marcelo Lachat, Maria do Socorro Fernandes de Carvalho;Atelie; 58,00 
Hino Homérico a Apolo, O;Luiz Alberto Machado Cabral;Atelie; 72,00 
Hipóteses de Amor;Annalisa Cima;Atelie; 76,00 
História da Língua Portuguesa;-;Atelie; 98,00 
História das Aventuras de Joseph Andrews e seu Amigo o Senhor Abraham Adams, A;Henry Fielding;Atelie; 105,00 
História de um Livro;Marisa Midori Deaecto;Atelie; 96,00 
História do PT;Lincoln Secco;Atelie; 49,00 
Histórias de Banheiro;Dirce de Assis Cavalcanti;Atelie; 43,00 
Histórias em Imagens e Versos - Wilhelm Busch;Guilherme de Almeida, Wilhelm Busch, Simone Homem de Mello;Atelie; 82,00 
Hong Kong & Outros Poemas;Antônio Moura;Atelie; 26,00 
Horizonte da Minha Pele, O;Emilio Bejel;Atelie; 51,00 
Ícaro;Gabriel Pedrosa;Atelie; 26,00 
Idade da Aurora, A;Carlos Nejar;Atelie; 75,00 
Idade da Noite, A;Carlos Nejar;Atelie; 79,00 
Idade Média no Cinema, A;José Rivair Macedo, Lênia Márcia Mongelli;Atelie; 45,00 
Idiotas & Demagogos - Pequeno Manual de Instruções da Democracia;Almyr Gajardoni;Atelie; 43,00 
Ilhas Brasil;Carlos Vogt;Atelie; 43,00 
Ilustre Casa de Ramires, A;Marise Hansen, Eça de Queirós;Atelie; 49,80 
Imagem Fria, A;Tales Ab'Sáber;Atelie; 45,00 
Imagens do Poder em Sêneca;Marilena Vizentin;Atelie; 52,00 
Imigrantes Judeus do Oriente Médio - São Paulo e Rio de Janeiro;Rachel Mizrahi;Atelie; 120,00 
Imigrantes, Mascates e Doutores;Meir Kucinski;Atelie; 54,00 
Imprensa Confiscada pelo DEOPS - 1924-1954, A;Maria Luiza Tucci Carneiro, Boris Kossoy;Atelie; 116,00 
Índia - Além do Olhar;Marleine Paula Marcondes e Ferreira de Toledo;Atelie; 35,00 
Índios na Constituição, Os;Camila Loureiro Dias, Artionka Capiberibe;Atelie; 30,00 
Informação. Linguagem. Comunicação;Décio Pignatari;Atelie; 38,00 
Iniciação Boêmia & Textos Correlatos;Nuno Fidelino de Figueiredo, Fidelino de Figueiredo;Atelie; 41,00 
Inocência;José de Paula Ramos Jr., Visconde de Taunay, Jefferson Cano, Kaio Romero;Atelie; 45,00 
Insólita Metrópole: São Paulo nas Crônicas de Paulo Bomfim;Ana Luiza Martins;Atelie; 84,00 
Intelecto em Ibn Sina (Avicena), O;Miguel Attie Filho;Atelie; 56,00 
Interior Via Satélite;Marcos Siscar;Atelie; 52,00 
Interpretações: Crítica Literária e Psicanálise;Cleusa Rios P. Passos, Yudith Rosenbaum;Atelie; 48,00 
Intervalo Semântico, O;Carlos Vogt;Atelie; 52,00 
Intransitivos, Os;Cacá Moreira de Souza;Atelie; 53,00 
Introdução ao Estudo de Fernando Pessoa;Fernando Cabral Martins;Atelie; 52,00 
Inula Niúla;Michel Sleiman;Atelie; 43,00 
Iracema - Lenda do Ceará;Leila Guenther, Paulo Franchetti, José de Alencar;Atelie; 45,50 
Irrecusável Busca de Sentido, A;Scarlett Marton;Atelie; 52,00 
Jacques Derrida - Entreatos de Leitura e Literatura-;Roberto Said, Luiz Fernando Ferreira Sá;Atelie; 51,00 
Jogo de Palavras;Jacó Guinsburg;Atelie; 58,00 
Jogo de Ronda;Orlando Arruda;Atelie; 43,00 
Jornada e a Clausura, A;Raquel de Almeida Prado;Atelie; 52,00 
João Guimarães Rosa e a Saudade;Susana Lages;Atelie; 42,00 
Judeus e Judaísmo na Obra de Lasar Segall;Maria Luiza Tucci Carneiro, Celso Lafer;Atelie; 120,00 
Kalevala - Poema Primeiro;Elias Lönnrot;Atelie; 37,50 
Konstantinos Kaváfis - 60 Poemas;Trajano Vieira, Konstantinos Kaváfis;Atelie; 39,00 
L'azur Blasé ou Ensaio do Fracasso sobre o Humor;Guilherme Gontijo Flores;Atelie; 44,90 
Lacraus;Miguel Jorge;Atelie; 51,00 
Laetitia, sp;Gabriel Pedrosa;Atelie; 36,00 
Lei n. 12.343 de 2 de Dezembro de 2010;-;Atelie; 38,00 
Leitor Segundo G.H., O - Uma Análise do Romance A Paixão Segundo G.H. de Clarice Lispector;Emília Amaral;Atelie; 48,00 
Leituras Desarquivadas;João Alexandre Barbosa;Atelie; 56,00 
Leituras Imediatas;Jerusa Pires Ferreira;Atelie; 33,00 
Leituras Indispensáveis 2;Aziz Ab Sáber;Atelie; 23,00 
Lembranças de Esquecer;Camilo Guimarães;Atelie; 29,80 
Leniza & Elis;Ariovaldo José Vidal, Joaquim Alves de Aguiar;Atelie; 44,00 
Leopardo dos Olhos de Fogo;Carlos Eugênio Marcondes de Moura;Atelie; 52,00 
Letras e Memória - Uma Breve História da Escrita;Adovaldo Fernandes Sampaio;Atelie; 98,00 
Leão, o Africano;Murilo Sebe Bon Meihy;Atelie; 51,00 
Lições de Taxidermia;Fernando Antônio Dusi Rocha;Atelie; 45,00 
Lições do Acaso;Luis Carlos de Menezes;Atelie; 45,00 
Lição Aproveitada, A - Modernismo e Cinema em Mário de Andrade;João Manuel dos Santos Cunha;Atelie; 48,00 
Liberalismo e Natureza - A Propriedade em John Locke;Rodrigo Suzuki Cintra;Atelie; 45,00 
Linguística Cognitiva - Uma Visão Geral e Aplicada;Antônio Suárez Abreu;Atelie; 43,00 
Lira dos Vinte Anos;Álvares de Azevedo, José Emílio Major Neto;Atelie; 48,80 
Literatulogia;Janilto Andrade;Atelie; 26,00 
Literatura Comparada e Relações Comunitárias, Hoje;Benjamin Abdala Jr.;Atelie; 50,00 
Literatura e Memória Política - Angola. Brasil. Moçambique. Portugal;Benjamin Abdala Jr., Rejane Vecchia Rocha e Silva;Atelie; 52,00 
Literatura Grega: Irradiações;Donaldo Schüler;Atelie; 57,00 
Literatura, História e Política (3a. ed.);Benjamin Abdala Jr.;Atelie; 65,00 
Livro - Revista do NELE;NELE - Núcleo de Estudos do Livro e da Edição/USP;Atelie; 33,00 
Livro 7/8 - revista do NELE;NELE - Núcleo de Estudos do Livro e da Edição/USP;Atelie; 88,00 
Livro das Origens, O;Geraldo Holanda Cavalcanti;Atelie; 85,00 
Livro e Liberdade;Luciano Canfora;Atelie; 31,00 
Livro n. 6 - Revista do NELE;NELE - Núcleo de Estudos do Livro e da Edição/USP;Atelie; 88,00 
Livro n.3 - Revista do NELE;NELE - Núcleo de Estudos do Livro e da Edição/USP;Atelie; 53,00 
Livro n.4 - Revista do NELE;NELE - Núcleo de Estudos do Livro e da Edição/USP;Atelie; 55,00 
Livro n.5 - Revista do NELE;NELE - Núcleo de Estudos do Livro e da Edição/USP;Atelie; 77,00 
Livro no Jornal, O;Isabel Travancas;Atelie; 42,00 
Livros e Leituras na Espanha do Século de Ouro;Antonio Castillo Gómez;Atelie; 49,00 
Livros e Subversão - Seis Estudos;Sandra Reimão;Atelie; 52,00 
Livros Proibidos, Ideias Malditas;Maria Luiza Tucci Carneiro;Atelie; 57,00 
Livros, Editoras & Projetos;Jerusa Pires Ferreira, Jacó Guinsburg, Plinio Martins Filho, Maria Otilia Bocchini;Atelie; 30,00 
Lodo;Luis Dolhnikoff;Atelie; 62,00 
Lâmina do Tempo;Moacyr Godoy Moreira;Atelie; 37,50 
Lâmpada da Memória, A;John Ruskin;Atelie; 38,00 
Luci Collin - Antologia Poética (1984-2018);Luci Collin;Atelie; 39,90 
Lugar, Tempo, Olhar - Arte Brasileira na França Românica;Anne Louyot;Atelie; 75,00 
Lusíadas, Os - Episódios;Luís de Camões, Ivan Teixeira;Atelie; 46,50 
Machado e Rosa - Leituras Críticas;Marli Fantini Scarpelli;Atelie; 85,00 
Macunaíma;Mário de Andrade;Atelie; 310,00 
Maias, Os;Eça de Queirós;Atelie; 83,00 
Males do Tabaco e Outras Peças em um Ato, Os;Anton Tchékhov;Atelie; 34,00 
Males do Tabaco, Os (3a. ed.);Anton Tchékhov;Atelie; 39,00 
Malhas da Cultura 1, As;José Guilherme Pereira Leite;Atelie; 43,00 
Malhas da Cultura 2, As;José Guilherme Pereira Leite;Atelie; 45,00 
Manuais de Desenho da Escrita, Os;Maria Helena Werneck Bomeny;Atelie; 210,00 
Manual de Versificação Românica Medieval;Segismundo Spina;Atelie; 41,00 
Manual do Estilo Desconfiado;Fernando Paixão;Atelie; 36,00 
Manuel Bandeira e a Música - com Três Poemas Visitados;Pedro Marques;Atelie; 42,00 
Marca do Leviatã, A - Linguagem e Poder em Hobbes;Renato Janine Ribeiro;Atelie; 42,00 
Mariannita Luzzati;Gabriel Pérez Barreiro;Atelie; 41,00 
Marx, Zola e a Prosa Realista;Salete de Almeida Cara;Atelie; 46,00 
MASSAO OHNO, Editor;Massao Ohno, Jose Armando Pereira da Silva;Atelie; 180,00 
Matéria Lítica: Drummond, Cabral, Neruda e Paz;Mario Higa;Atelie; 52,00 
Matinas & Bagatelas;Maria do Carmo Campos;Atelie; 49,00 
Matrizes Impressas do Oral: Conto Russo no Sertão;Jerusa Pires Ferreira;Atelie; 68,00 
Matzá com Moussaká - Histórias de Judeus e Gregos;Táki Athanássios Cordás;Atelie; 52,00 
Máquina Peluda, A;Ademir Assunção;Atelie; 42,00 
Mário, Otávio - Cartas de Mário de Andrade a Otávio Dias Leite;Marcos Antonio de Moraes;Atelie; 42,00 
Medeia;Trupersa - Trupe de Tradução de Teatro Antigo, Eurípides;Atelie; 42,00 
Medicina de Os Lusíadas, A;Pedro Nava;Atelie; 32,00 
Melancolias, Mercadorias: Dorival Caymmi, Chico Buarque, o Pregão de Rua e a Canção Popular-Comercial no Brasil;Walter Garcia;Atelie; 56,00 
Memória Futura;Paulo Franchetti;Atelie; 35,00 
Memórias Biográficas de Pintores Extraordinários;William Beckford;Atelie; 36,00 
Memórias de um Sargento de Milícias;Mamede Mustafa Jarouche, Manuel Antônio de Almeida;Atelie; 49,00 
Memórias Póstumas de Brás Cubas;Antonio Medina Rodrigues, Machado de Assis;Atelie; 45,00 
Memorial de Mogi das Cruzes;José Sebastião Witter;Atelie; 48,00 
Memorial de um Herege;Samuel Reibscheid;Atelie; 45,00 
Mensagem;António Apolinário Lourenço, Kaio Romero, Fernando Pessoa;Atelie; 45,00 
Meu Fausto (Esboços);Paul Valéry;Atelie; 49,00 
Milton Hatoum - Itinerário para um Certo Relato;Marleine Paula Marcondes e Ferreira de Toledo;Atelie; 42,00 
Mistério do Leão Rampante, O;Rodrigo Lacerda;Atelie; 92,00 
Mistérios do Dicionário;João Alexandre Barbosa;Atelie; 58,00 
Modernidade entre Tapumes, A;Vagner Camilo;Atelie; 112,00 
Modernização pelo Avesso - Impasses da Representação Literária em Os Contos de Belazarte, de Mário de Andrade;Wilson José Flores Jr.;Atelie; 46,00 
Moeda da Arte, A - A Dinâmica dos Campos Artístico e Econômico no Patrocínio;Eduardo Fragoaz;Atelie; 69,50 
Moleque de Fábrica - Uma Arqueologia da Memória Social;José de Souza Martins;Atelie; 82,00 
Morte aos Papagaios;Gustavo Piqueira;Atelie; 62,00 
Música do Parnaso;Manuel Botelho de Oliveira, Ivan Teixeira;Atelie; 115,00 
Muita Sorte & Pouco Juízo;José Roberto de Alencar;Atelie; 36,00 
Mulher no Escuro, A;Cláudia Vasconcellos;Atelie; 42,00 
Mulheres de Passagem;M. A. Amaral Rezende;Atelie; 41,00 
Museu da Infância Eterna;Miguel Sanches Neto;Atelie; 40,00 
Na Conquista do Brasil;Donaldo Schüler;Atelie; 52,00 
Na Madrugada das Formas Poéticas;Segismundo Spina;Atelie; 36,00 
Na Pureza do Sacrilégio;Carlos Cardoso;Atelie; 58,00 
Na Senda das Noites: Os Quatro Talismãs de Charles Nodier e Les mille et une nuits;Christiane Damien;Atelie; 51,00 
Nações Literárias;Wander Melo Miranda;Atelie; 52,00 
Narciso em Sacrifício - A Poética de Mário de Sá-Carneiro;Fernando Paixão;Atelie; 48,00 
Nas Águas do Mesmo Rio;Giselda Leirner;Atelie; 38,00 
Nas Tramas da Ficção - História, Literatura e Leitura;Clóvis Gruner, Cláudio DeNipoti;Atelie; 52,00 
Nebulosa, A;Joaquim Manuel de Macedo, Kaio Romero;Atelie; 43,00 
Neguinho;Guga Stroeter;Atelie; 48,00 
Nós e as Palavras;Luís Bueno;Atelie; 62,00 
No Fim das Terras;Milton Torres;Atelie; 76,00 
No Limiar da Noite;José de Souza Martins;Atelie; 38,00 
No Rastro de Afrodite - Plantas Afrodisíacas e Culinária;Gil Felippe;Atelie; 90,00 
Nome do Cuidado, O;Leo Lama, Paulo Hersch Rosenbaum;Atelie; 38,00 
Normas Gerais para os Trabalhos de Grau;Segismundo Spina;Atelie; 28,00 
Notícia Histórica da Vida e das Obras de José Haydn;J. Le Breton;Atelie; 34,00 
Novas Tecnologias - EGC Arquitetura;Renato Schroeder;Atelie; 25,00 
Nove Degraus para o Esquecimento;Aguinaldo Gonçalves;Atelie; 82,00 
Novelas, Espelhos e um Pouco de Choro;Thelma Guedes;Atelie; 52,00 
Noviço, O;José de Paula Ramos Jr., Martins Pena;Atelie; 32,00 
Novos Poemas;Carlos Vogt;Atelie; 66,00 
O Azul e o Mar;Paul Valéry, Eduardo de Campos Valadares;Atelie; 56,00 
O Hóspede;Mario Higa;Atelie; 38,00 
O Língua;Eromar Bomfim;Atelie; 40,00 
O Pai - 6a edição;Dirce de Assis Cavalcanti;Atelie; 48,00 
O Que Aconteceu, Aconteceu;Jacó Guinsburg;Atelie; 45,00 
O Que É Comunicação Poética;Décio Pignatari;Atelie; 36,00 
O Que É Um Livro?;João Adolfo Hansen;Atelie; 32,00 
O Um;Bruno Verner;Atelie; 48,00 
Obras Poéticas de Alvarenga Peixoto;Caio Cesar Esteves de Souza, Alvarenga Peixoto;Atelie; 88,00 
Octávio Brandão e as Matrizes Intelectuais do Marxismo no Brasil;Felipe Castilho de Lacerda;Atelie; 45,00 
Olga Savary - Erotismo e Paixão;Marleine Paula Marcondes e Ferreira de Toledo;Atelie; 52,00 
Olhares Desatentos;Sérgio Sesiki;Atelie; 42,00 
Olhares Plausíveis;Gregório Bacic;Atelie; 32,00 
Olho Vesgo, O;Tiago Mussi;Atelie; 28,00 
Orações Insubordinadas;Carlos Castelo;Atelie; 59,00 
Orestes;Eurípides, Trupersa - Trupe de Tradução de Teatro Antigo;Atelie; 47,00 
Orlando Furioso - Tomo I;Ludovico Ariosto;Atelie; 138,00 
Os Evangelhos - Uma Tradução;Marcelo Musa Cavallari;Atelie; 125,00 
Os Maias - 3a. ed.;Eça de Queirós;Atelie; 83,00 
Outra Guerra do Fim do Mundo, A;Osvaldo Coggiola;Atelie; 48,00 
Outra Língua;Henryk Siewierski;Atelie; 36,00 
Outro Lado do Vento, O;Wassily Chuck;Atelie; 46,00 
Ouvir o Som;Paulo Zuben;Atelie; 54,00 
País em Branco;Ricardo Rizzo;Atelie; 36,00 
Pagu - Literatura e Revolução;Thelma Guedes;Atelie; 48,00 
Pai de Max Bauer e Outros Contos, O;Marcos Rodrigues;Atelie; 42,00 
Palavra e Rosto;Fernando Paixão;Atelie; 58,00 
Palavra e Sombra - Ensaios de Crítica;Arthur Nestrovski;Atelie; 38,00 
Palmeirim de Inglaterra;Francisco de Moraes, Lênia Márcia Mongelli;Atelie; 199,00 
Papel-Jornal - Artigos de Jornalismo Cultural;Marcello Rollemberg;Atelie; 36,00 
Paradeiro;Luís Bueno;Atelie; 52,00 
Paratextos Editoriais;Gérard Genette;Atelie; 91,00 
Périplos;Simone Homem de Mello;Atelie; 52,00 
Parsona;Adriano Scandolara;Atelie; 44,90 
Parte da Tarde, A;Fernando Paixão;Atelie; 56,00 
Pas de Politique Mariô! Mario Pedrosa e a Política;Dainis Karepovs;Atelie; 51,00 
Passos da Semiótica Tensiva;Luiz Tatit;Atelie; 45,00 
Pastorinhas de Pirenópolis-GO, As;Lênia Márcia Mongelli, Neide Rodrigues Gomes;Atelie; 78,00 
Paulinho da Viola e o Elogio do Amor;Eliete Eça Negreiros;Atelie; 48,00 
Pedras Pensadas;Adolfo Montejo Navas;Atelie; 53,00 
Pedro Nava e a Construção do Texto;Edina Panichi, Miguel Luiz Contani;Atelie; 48,00 
Pequeno Guia Histórico das Livrarias Brasileiras;Ubiratan Machado;Atelie; 53,00 
Pequeno Livro do Cerrado, O;Gil Perini;Atelie; 34,00 
Pequeno Palco;Ricardo Lima;Atelie; 32,00 
Pequeno Pomo ou a História da Música do Pós-Modernismo, O;Boudewijn Buckinx;Atelie; 38,00 
Percursos pela África e por Macau;Benilde Justo Caniato;Atelie; 41,00 
Perseu, Medusa & Camille Claudel - Sobre a Experiência de Captura Estética;Ada Morgenstern;Atelie; 58,00 
Philobiblon ou O Amigo do Livro;Marcelo Castel Cid;Atelie; 53,00 
Pincelagens & Debuxos / Debuxos & Pincelagens;Hélio Cabral;Atelie; 78,00 
Pintura como Modelo para uma Filosofia da Expressão;Ana Westphal;Atelie; 39,00 
Poema dos Lunáticos, O;Ermanno Cavazzoni;Atelie; 60,00 
Poema, O: Leitores e Leituras;Andrea Saad Hossne, Ivone Daré Rabello, Viviana Bosi, Cláudia Arruda Campos;Atelie; 38,00 
Poemas Reunidos;Mario Higa, Cesário Verde;Atelie; 46,80 
Poesia como Pintura, A - A Ekphrasis em Albano Martins;Álvaro Cardoso Gomes;Atelie; 42,00 
Poesia É Criação: Uma Antologia;José de Almada Negreiros;Atelie; 63,00 
Poesia Pois É Poesia;Décio Pignatari;Atelie; 96,00 
Poesias;Segismundo Spina;Atelie; 38,00 
Poetas Românticos, Críticos e Outros Loucos;Charles Rosen;Atelie; 59,00 
Política Cultural e Economia da Cultura;José Carlos Durand;Atelie; 45,00 
Pontuação Circense;Ésio Macedo;Atelie; 32,00 
Por Minha Letra e Sinal - Documentos do Ouro do Século XVII;Heitor Megale, Sílvio de Almeida Toledo Neto;Atelie; 86,00 
Por um Cinema Popular - Leon Hirszman, Política e Resistência;Gustavo Piqueira, Reinaldo Cardenuto;Atelie; 88,00 
Por uma Nova Política - Uma Campanha na SBPC;Renato Janine Ribeiro;Atelie; 42,00 
Portanto... Pepetela;Rita Chaves, Tania Macêdo;Atelie; 54,00 
Portas do Sonho, As;Adélia Bezerra de Meneses;Atelie; 65,00 
Portos Flutuantes - Trânsitos Ibero-afro-americanos;Benjamin Abdala Jr., Marli Fantini Scarpelli;Atelie; 58,00 
Porvir que Vem Antes de Tudo - Literatura e Cinema em Lavoura Arcaica;Renato Tardivo;Atelie; 36,00 
Prelúdio da Metrópole - Arquitetura e Urbanismo em São Paulo na Passagem do Século XIX ao XX;Hugo Segawa;Atelie; 82,00 
Prenúncios e Vestígios;Edward Lopes;Atelie; 75,00 
Preservação do Patrimônio Arquitetônico da Industrialização;Beatriz Mugayar Kühl;Atelie; 92,00 
Primeiras Palavras;Douglas Messerli;Atelie; 28,00 
Primórdios da Cerveja no Brasil, Os;Sérgio de Paula Santos;Atelie; 26,00 
Privilégios, Os;Jerusa Pires Ferreira, Stendhal;Atelie; 25,00 
Processos de Criação em À Sombra das Raparigas em Flor, Os;Philippe Willemart;Atelie; 48,00 
Produção Gráfica para Designers;Mark Gatter;Atelie; 148,00 
Professor Riobaldo, O - Um Novo Místico da Poetagem;Héctor Olea;Atelie; 48,00 
Proust, Poeta e Psicanalista;Philippe Willemart;Atelie; 52,00 
Psicolirismo da Terapia Cotidiana;Rita Moutinho;Atelie; 51,00 
Quadragésimo;Horácio Costa;Atelie; 48,00 
Quarto Livro dos Fatos e Ditos Heroicos do Bom Pantagruel, O;François Rabelais;Atelie; 146,00 
Quase Fim de Serapião Filogônio, O;Jonas Rosa;Atelie; 36,00 
Quase Tudo;Ecos Falsos;Atelie; 30,00 
Quatro Ensaios sobre OSCAR NIEMEYER;Ingrid Quintana Guerrero, Paulo Bruna;Atelie; 58,00 
Queda do Muro de Berlim e a Presentificação da História, A;Flávia Bancher;Atelie; 41,00 
Questão da Ideologia no Círculo de Bakhtin, A;Luiz Rosalvo Costa;Atelie; 58,00 
Quincas Borba;Machado de Assis, Jean Pierre Chauvin, Kaio Romero;Atelie; 48,50 
Rabelais e Joyce - Três Leituras Menipeias;Élide Valarini Oliver;Atelie; 42,00 
Rapid Departures;Vincent Katz;Atelie; 58,00 
Réu Confesso - Poemas Reunidos (1968-2010);Luiz Meyer;Atelie; 44,00 
Realidade & Ilusão em Machado de Assis;José Aderaldo Castello;Atelie; 45,00 
Realidade Possível: Dilemas da Ficção em Henry James e Machado de Assis;Marcelo Pen Parreira;Atelie; 51,00 
Realidades e Ficções na Trama Fotográfica - 5ª Edição;Boris Kossoy;Atelie; 45,00 
Realidades e Ficções na Trama Fotográfica - 6a ed.;Boris Kossoy;Atelie; 47,00 
Refluxos;Edson Valente;Atelie; 28,00 
Relíquia, A;Fernando Marcílio L. Couto, Eça de Queirós;Atelie; 47,00 
Remorso do Cosmos;Régis Bonvicino;Atelie; 43,00 
René Thiollier - Obra e Vida do Grão-Senhor da Villa Fortunata e da Academia Paulista de Letras;Valter Cesar Pinheiro;Atelie; 54,00 
Repensando a Educação;Geraldina Porto Witter;Atelie; 29,00 
Repensando o Partido Verde Brasileiro;Tibor Rabóczkay;Atelie; 44,00 
República das Bicicletas;Moacyr Godoy Moreira;Atelie; 50,00 
Resíduos;David Oscar Vaz;Atelie; 35,00 
Resíduos Ensaísticos de uma Pós-Graduação;Segismundo Spina;Atelie; 28,00 
Resposta;Elisa Nazarian;Atelie; 48,00 
Restauração;E. E. Viollet-le-Duc;Atelie; 35,00 
Restauradores, Os;Camillo Boito;Atelie; 34,00 
Resumo do Dia;Heitor Ferraz;Atelie; 26,00 
Retorno de Bennu, O;Majela Colares;Atelie; 43,00 
Retrato do Brasil em Cordel;Mark Curran;Atelie; 98,00 
Revista de Estudos Orientais n° 4;Depto. Letras Orientais USP;Atelie; 58,00 
Revistas na Era Pós-Verso;Omar Khouri;Atelie; 38,00 
Rio na Parede, O;Gil Felippe;Atelie; 32,00 
Romance de Formação em Perspectiva Histórica - O Tambor de Lata de Günter Grass;Marcus Vinicius Mazzari;Atelie; 46,00 
Romance de Formação: Caminhos e Descaminhos do Herói;Marcus Vinicius Mazzari, Maria Cecilia Marks;Atelie; 96,00 
Rosa Luxemburgo: Crise e Revolução;Rosa Rosa Gomes;Atelie; 63,00 
Rosto da Memória, O;Décio Pignatari;Atelie; 42,00 
Roteiro para um Narrador - Uma Leitura dos Contos de Rubem Fonseca;Ariovaldo José Vidal;Atelie; 44,00 
Rousseau e as Artes;Paulo Mugayar Kühl, Célia Gambini;Atelie; 45,00 
Rudimentos da Vida Coletiva;Alcir Pécora;Atelie; 34,00 
Rumo à Vertigem ou A Arte de Naufragar-se;Wassily Chuck;Atelie; 58,00 
Rupturas - Poemas em Busca de um Eixo;Ana Maria Amaral;Atelie; 33,00 
Sabedoria do Bibliotecário, A;Michel Melot;Atelie; 36,00 
Salvações no Nordeste - Política e Participação Popular;Flávia Borges Pereira;Atelie; 46,00 
Sangue dos Dias Transparentes, O;Paulo Franchetti;Atelie; 36,00 
Sementes Aladas;Percy Bysshe Shelley;Atelie; 56,00 
Semiótica & Literatura (8a. ed.);Décio Pignatari;Atelie; 46,00 
Semiótica da Arte e da Arquitetura;Décio Pignatari;Atelie; 41,00 
Semiótica à Luz de Guimarães Rosa;Luiz Tatit;Atelie; 48,00 
Serafim Ponte Grande e as Dificuldades da Crítica Literária;Pascoal Farinaccio;Atelie; 52,00 
Sertões, Os - Campanha de Canudos;Leopoldo Bernucci, Euclides da Cunha;Atelie; 120,00 
Só (seguido de Despedidas);Annie Gisele Fernandes, Hélder Garmes, Antônio Nobre;Atelie; 49,00 
Sôbô - Uma Saga da Imigração Japonesa (2a. ed.);Tatsuzô Ishikawa;Atelie; 48,00 
Signos (em) Cena - Poemas | Ensaios;Aguinaldo Gonçalves;Atelie; 78,00 
Silêncios de Água e Pedra;Wassily Chuck;Atelie; 46,00 
Silêncios no Escuro;Maria Viana;Atelie; 38,00 
Simbolismo dos Padrões Geométricos da Arte Islâmica, O;Sylvia Leite;Atelie; 53,00 
Sinais das Ideias;Moacir Ferreira de Oliveira;Atelie; 45,00 
Soalho de Tábua;Moacyr Godoy Moreira;Atelie; 35,00 
Sobre o Filme Lavour'Arcaica;Luiz Fernando Carvalho;Atelie; 48,00 
Sociologia Brasileira Hoje;Carlos Benedito Martins, Sergio Miceli;Atelie; 68,00 
Sociologia Brasileira Hoje II;Sergio Miceli, Carlos Benedito Martins;Atelie; 60,00 
Sofia - Uma Ventania para Dentro / Sofia - Una Brisa para Dentro;Sidney Rocha;Atelie; 43,00 
Sombras da Percepção;Geoffrey Lynn, Aurora Fornoni Bernardini;Atelie; 38,00 
Sombras e Distâncias;Egberto Penido;Atelie; 28,00 
Sondas;José de Paula Ramos Jr.;Atelie; 42,00 
Sonetos de Camões;Carlos Cortez Minchillo, Izeti Fragata Torralvo, Luís de Camões;Atelie; 40,00 
Sudário;Guiomar de Grammont;Atelie; 48,00 
São Paulo: Trânsitos;Vincenzo Scarpellini;Atelie; 26,00 
São Paulo: Vidas;Vincenzo Scarpellini;Atelie; 26,00 
Teatro da Memória de Giulio Camillo, O;Milton José de Almeida;Atelie; 72,00 
Teatro de Animação;Ana Maria Amaral;Atelie; 38,00 
Teatro Russo - Literatura e Espetáculo;Arlete Cavalieri, Elena Vássina;Atelie; 89,00 
Tempo Solto;Amálio Pinheiro;Atelie; 42,00 
Tempo Vivo da Memória, O - Ensaios de Psicologia Social;Ecléa Bosi;Atelie; 62,00 
Tempos da Fotografia, Os - O Efêmero e o Perpétuo;Boris Kossoy;Atelie; 55,00 
Teoria da Poesia Concreta - Textos Críticos e Manifestos (1950-1960);Décio Pignatari, Augusto de Campos, Haroldo de Campos;Atelie; 68,00 
Teoria da Restauração;Cesare Brandi;Atelie; 62,00 
Terceiro Livro dos Fatos e Ditos Heroicos do Bom Pantagruel, O;François Rabelais;Atelie; 136,00 
Terceiro Tempo;Décio Pignatari;Atelie; 38,00 
Território de Epidauro;Pedro Nava;Atelie; 58,00 
Til - Romance Brasileiro;Ivan Teixeira, José de Alencar;Atelie; 47,80 
Timbre;Virgílio Maia;Atelie; 35,00 
Toda a Cidade de São Francisco do Pará;Gustavo Piqueira;Atelie; 35,00 
Todos Entoam - Ensaios, Conversas e Lembranças;Luiz Tatit;Atelie; 68,00 
Together 1996;Régis Bonvicino;Atelie; 28,00 
Tolerância e o Intempestivo, A;Edson Passetti;Atelie; 48,00 
Túnel do Tempo;José Sebastião Witter;Atelie; 38,00 
Tragédia Grega - O Mito em Cena;Daisi Malhadas;Atelie; 38,00 
Trajetória de Paulo Emilio;Adilson Mendes;Atelie; 52,00 
Trajetória em Noite Escura;Naoya Shiga;Atelie; 62,00 
Transliteração do Hebraico para Leitores Brasileiros;Saul Kirschbaum;Atelie; 18,00 
Transmutação Metalinguística na Poética de Edgard Braga, A;Beatriz Helena Ramos Amaral;Atelie; 46,00 
Transverso;Marcos Pamplona;Atelie; 44,90 
Três Vezes Machado de Assis;Ubiratan Machado;Atelie; 28,00 
Travessias - D. João VI e o Mundo Lusófono;Paulo Motta Oliveira;Atelie; 67,00 
Trágica História do Dr. Fausto, A;Christopher Marlowe, Luís Bueno;Atelie; 128,00 
Tripé;Rodrigo Lacerda;Atelie; 46,00 
Triste Fim de Policarpo Quaresma;Gustavo Martins, Lima Barreto, Ivan Teixeira;Atelie; 45,50 
Tropicália - Alegoria Alegria (5a. ed.);Celso Favaretto;Atelie; 57,00 
TV Digital.Br: Conceitos e Estudos sobre o ISDB-Tb;S. Squirra, Valdecir Becker;Atelie; 48,00 
Um Amor Literário;Letícia Malard;Atelie; 38,00 
Um Canto;Cacá Moreira de Souza;Atelie; 52,00 
Um Lance de Dados - 2a. ed.;Álvaro Faleiros, Stéphane Mallarmé;Atelie; 52,00 
Uma Lua em Paris;M. A. Amaral Rezende;Atelie; 38,00 
Urna, A;David Oscar Vaz;Atelie; 38,00 
Vanguardas: Brasil & Itália;Lúcia Wataghin;Atelie; 54,00 
Várias Histórias;José de Paula Ramos Jr., Machado de Assis;Atelie; 44,00 
Velho é o Espelho;Maria de Lourdes Ferreira Alves;Atelie; 46,00 
Velho Chico ou A Vida é Amável, O;Dirce de Assis Cavalcanti;Atelie; 48,00 
Velhos Amigos;Ecléa Bosi;Atelie; 43,00 
Vermelho;Aguinaldo Gonçalves;Atelie; 56,00 
Viagem a um Deserto Interior;Leila Guenther;Atelie; 42,00 
Viagem ao Egito, Jordânia e Israel;Pedro Nava;Atelie; 28,00 
Viagem de Joseph Língua;Pedro Américo de Farias;Atelie; 27,00 
Viagem Magnética;Décio Pignatari;Atelie; 32,00 
Viagens na Minha Terra;Ivan Teixeira, Kaio Romero, Almeida Garrett;Atelie; 47,80 
Vida e Morte de M. J. Gonzaga de Sá;Marcos Scheffel, Lima Barreto, Kaio Romero;Atelie; 43,00 
Vitrola dos Ausentes;Paulo Ribeiro;Atelie; 36,00 
Viva Vaia - Poesia 1949-1979;Augusto de Campos;Atelie; 160,00 
Vocabulário Português-Nheengatu - Nheengatu-Português;E. Stradelli;Atelie; 83,00 
Voo Noturno das Galinhas, O;Leila Guenther;Atelie; 38,00 
Voz que Canta na Voz que Fala, A - Poética e Política na Trajetória de Gilberto Gil;Pedro Henrique Varoni de Carvalho;Atelie; 62,00 
Vão-se os Dias e Eu Fico;Edson Nery da Fonseca;Atelie; 39,00 
William Morris - Sobre as Artes do Livro;William Morris, Gustavo Piqueira;Atelie; 160,00 
Yaser;Eda Nagayama;Atelie; 45,00 
Zé Ferino;Rodrigo Penteado;Atelie; 34,00 
